{"content":[{"id":"7fa02701","settings":{"flex_direction":"row","padding":{"unit":"px","top":"70","right":"0","bottom":"0","left":"0","isLinked":false},"flex_justify_content":"center","flex_wrap":"wrap","background_color":"#EDF3F1","__globals__":{"background_color":""},"flex_gap":{"column":"24","row":"24","isLinked":true,"unit":"px","size":24}},"elements":[{"id":"9cf71e4","settings":{"content_width":"full","padding":{"unit":"px","top":"0","right":"0","bottom":"0","left":"0","isLinked":true},"width":{"unit":"custom","size":"calc(50% - 12px)","sizes":[]},"width_tablet":{"unit":"custom","size":"","sizes":[]},"width_mobile":{"unit":"custom","size":"","sizes":[]},"flex_direction":"row","flex_align_items":"center","flex_gap":{"column":"14","row":"30","isLinked":false,"unit":"px","size":14},"flex_wrap":"wrap","_flex_align_self":"center"},"elements":[{"id":"143b232f","settings":{"title":"Making Great<br>Business Decision","header_size":"h1","typography_typography":"custom","typography_font_family":"Raleway","typography_font_size":{"unit":"px","size":60,"sizes":[]},"typography_font_weight":"800","typography_text_transform":"capitalize","typography_line_height":{"unit":"px","size":70,"sizes":[]},"__globals__":{"typography_typography":"","title_color":"globals\/colors?id=primary"},"typography_font_size_tablet":{"unit":"px","size":40,"sizes":[]}},"elements":[],"isInner":false,"widgetType":"heading","elType":"widget"},{"id":"70c24b2e","settings":{"editor":"<p>Track your customers behavior to make a good decision that helps the customer use our services better way.<\/p>","__globals__":{"text_color":"globals\/colors?id=primary","typography_typography":"globals\/typography?id=accent"},"_margin":{"unit":"px","top":"0","right":"0","bottom":"-16","left":"0","isLinked":false}},"elements":[],"isInner":false,"widgetType":"text-editor","elType":"widget"},{"id":"603883d5","settings":{"text":"Get Started, It\u2019s Free","typography_typography":"custom","typography_font_family":"Raleway","typography_font_size":{"unit":"px","size":16,"sizes":[]},"typography_font_weight":"700","typography_line_height":{"unit":"px","size":19,"sizes":[]},"text_padding":{"unit":"px","top":"20","right":"30","bottom":"20","left":"30","isLinked":false},"__globals__":{"background_color":"globals\/colors?id=2a1a751","button_text_color":"globals\/colors?id=primary"}},"elements":[],"isInner":false,"widgetType":"button","elType":"widget"},{"id":"212aef19","settings":{"text":"Watch Demo","typography_typography":"custom","typography_font_family":"Raleway","typography_font_size":{"unit":"px","size":16,"sizes":[]},"typography_font_weight":"600","typography_line_height":{"unit":"px","size":19,"sizes":[]},"background_color":"#02010100","border_border":"solid","border_width":{"unit":"px","top":"1","right":"1","bottom":"1","left":"1","isLinked":true},"text_padding":{"unit":"px","top":"20","right":"30","bottom":"20","left":"30","isLinked":false},"__globals__":{"typography_typography":"","border_color":"globals\/colors?id=primary","button_text_color":"globals\/colors?id=primary"}},"elements":[],"isInner":false,"widgetType":"button","elType":"widget"}],"isInner":true,"elType":"container"},{"id":"141bd780","settings":{"content_width":"full","width":{"unit":"custom","size":"calc(50% - 12px)","sizes":[]},"width_tablet":{"unit":"custom","size":"","sizes":[]},"width_mobile":{"unit":"custom","size":"","sizes":[]},"padding":{"unit":"px","top":"0","right":"0","bottom":"0","left":"0","isLinked":false}},"elements":[{"id":"596cad31","settings":{"image":{"url":"http:\/\/pastilaris.local\/wp-content\/uploads\/2025\/01\/banner_hero1.png","id":62,"size":"","alt":"","source":"library"},"image_size":"full","_margin":{"unit":"px","top":"0","right":"-30","bottom":"0","left":"0","isLinked":false}},"elements":[],"isInner":false,"widgetType":"image","elType":"widget"}],"isInner":true,"elType":"container"},{"id":"2157a725","settings":{"content_width":"full","width":{"unit":"px","size":995.41999999999996,"sizes":[]},"flex_direction":"row","flex_justify_content":"space-between","flex_align_items":"center","flex_gap":{"column":"30","row":"30","isLinked":true,"unit":"px","size":30},"flex_wrap":"wrap","margin":{"unit":"px","top":"46","right":"0","bottom":"0","left":"0","isLinked":false},"padding":{"unit":"px","top":"0","right":"0","bottom":"0","left":"0","isLinked":false}},"elements":[{"id":"63e674d","settings":{"title":"We\u2019re Helping Big <br>\nGlobal Companies Grow","align":"center","typography_typography":"custom","typography_font_family":"Raleway","typography_font_size":{"unit":"px","size":32,"sizes":[]},"typography_font_weight":"700","typography_text_transform":"capitalize","typography_line_height":{"unit":"px","size":46,"sizes":[]},"_element_width":"inherit","_element_custom_width":{"unit":"%","size":32,"sizes":[]},"_flex_align_self":"center","__globals__":{"typography_typography":"","title_color":"globals\/colors?id=primary"}},"elements":[],"isInner":false,"widgetType":"heading","elType":"widget"},{"id":"382ba326","settings":{"image":{"url":"http:\/\/pastilaris.local\/wp-content\/uploads\/2025\/01\/logo-52.png","id":70,"size":"","alt":"","source":"library"},"image_size":"full"},"elements":[],"isInner":false,"widgetType":"image","elType":"widget"},{"id":"33ebbd","settings":{"image":{"url":"http:\/\/pastilaris.local\/wp-content\/uploads\/2025\/01\/logo-27.png","id":68,"size":"","alt":"","source":"library"},"image_size":"full"},"elements":[],"isInner":false,"widgetType":"image","elType":"widget"},{"id":"7fd2fb9a","settings":{"image":{"url":"http:\/\/pastilaris.local\/wp-content\/uploads\/2025\/01\/logo-54-1.png","id":72,"size":"","alt":"","source":"library"},"image_size":"full"},"elements":[],"isInner":false,"widgetType":"image","elType":"widget"},{"id":"1e6c61be","settings":{"image":{"url":"http:\/\/pastilaris.local\/wp-content\/uploads\/2025\/01\/logo-51.png","id":69,"size":"","alt":"","source":"library"},"image_size":"full"},"elements":[],"isInner":false,"widgetType":"image","elType":"widget"},{"id":"610fdd8d","settings":{"image":{"url":"http:\/\/pastilaris.local\/wp-content\/uploads\/2025\/01\/logo-54.png","id":71,"size":"","alt":"","source":"library"},"image_size":"full"},"elements":[],"isInner":false,"widgetType":"image","elType":"widget"}],"isInner":true,"elType":"container"}],"isInner":false,"elType":"container"},{"id":"26d6007f","settings":{"flex_direction":"row","flex_gap":{"column":"224","row":"224","isLinked":false,"unit":"px","size":224},"background_background":"classic","background_color":"#0B251C","background_image":{"url":"http:\/\/pastilaris.local\/wp-content\/uploads\/2025\/01\/Vector-1.png","id":107,"size":"","alt":"","source":"library"},"background_position":"initial","background_xpos":{"unit":"vw","size":26,"sizes":[]},"background_xpos_tablet":{"unit":"vw","size":0,"sizes":[]},"background_xpos_mobile":{"unit":"vw","size":0,"sizes":[]},"background_ypos":{"unit":"px","size":5,"sizes":[]},"background_repeat":"no-repeat","background_bg_width":{"unit":"%","size":23,"sizes":[]},"margin":{"unit":"px","top":"70","right":"0","bottom":"0","left":"0","isLinked":false},"padding":{"unit":"px","top":"50","right":"0","bottom":"50","left":"0","isLinked":false}},"elements":[{"id":"62bbe0a4","settings":{"content_width":"full","width":{"unit":"%","size":73,"sizes":[]},"flex_wrap":"wrap","margin":{"unit":"px","top":"0","right":"0","bottom":"0","left":"0","isLinked":false},"padding":{"unit":"px","top":"0","right":"0","bottom":"0","left":"0","isLinked":true},"_flex_align_self":"center"},"elements":[{"id":"5ab0f160","settings":{"title":"We Have Big Reasons\nImprove People\u2019s Life Today","align":"left","typography_typography":"custom","typography_font_family":"Raleway","typography_font_size":{"unit":"px","size":32,"sizes":[]},"typography_font_weight":"700","typography_text_transform":"capitalize","typography_line_height":{"unit":"px","size":46,"sizes":[]},"_element_width":"inherit","_element_custom_width":{"unit":"%","size":32,"sizes":[]},"_flex_align_self":"center","__globals__":{"typography_typography":"","title_color":""},"title_color":"#FFFFFF"},"elements":[],"isInner":false,"widgetType":"heading","elType":"widget"}],"isInner":true,"elType":"container"},{"id":"785b30c0","settings":{"content_width":"full","width":{"unit":"%","size":92,"sizes":[]},"flex_direction":"row","flex_gap":{"column":"80","row":"80","isLinked":true,"unit":"px","size":80},"padding":{"unit":"px","top":"0","right":"0","bottom":"0","left":"0","isLinked":false}},"elements":[{"id":"12e2ee93","settings":{"content_width":"full","width":{"unit":"%","size":42,"sizes":[]},"flex_direction":"row","flex_align_items":"center","flex_gap":{"column":"16","row":"6","isLinked":false,"unit":"px","size":16},"flex_wrap":"wrap","padding":{"unit":"px","top":"0","right":"0","bottom":"0","left":"0","isLinked":true}},"elements":[{"id":"3ec29b6f","settings":{"selected_icon":{"value":{"url":"http:\/\/pastilaris.local\/wp-content\/uploads\/2025\/01\/icon-happy.svg","id":114},"library":"svg"},"align":"left"},"elements":[],"isInner":false,"widgetType":"icon","elType":"widget"},{"id":"464f7cfa","settings":{"ending_number":12390,"title":"","number_color":"#FFFFFF","typography_number_typography":"custom","typography_number_font_family":"Poppins","typography_number_font_size":{"unit":"px","size":42,"sizes":[]},"typography_number_font_weight":"700","typography_number_line_height":{"unit":"px","size":46,"sizes":[]}},"elements":[],"isInner":false,"widgetType":"counter","elType":"widget"},{"id":"3444d519","settings":{"title":"Happy Customers\u2028Using Product","header_size":"h3","typography_typography":"custom","typography_font_family":"Raleway","typography_font_size":{"unit":"px","size":18,"sizes":[]},"typography_font_weight":"400","typography_line_height":{"unit":"px","size":32,"sizes":[]},"title_color":"#FFFFFF","_margin":{"unit":"px","top":"0","right":"0","bottom":"0","left":"69","isLinked":false},"_padding":{"unit":"px","top":"0","right":"0","bottom":"0","left":"0","isLinked":false}},"elements":[],"isInner":false,"widgetType":"heading","elType":"widget"}],"isInner":true,"elType":"container"},{"id":"295aa84e","settings":{"content_width":"full","width":{"unit":"%","size":36,"sizes":[]},"flex_direction":"row","flex_align_items":"center","flex_gap":{"column":"16","row":"6","isLinked":false,"unit":"px","size":16},"flex_wrap":"wrap","margin":{"unit":"px","top":"0","right":"0","bottom":"0","left":"0","isLinked":false},"padding":{"unit":"px","top":"0","right":"0","bottom":"0","left":"0","isLinked":false}},"elements":[{"id":"d8ef669","settings":{"selected_icon":{"value":{"url":"http:\/\/pastilaris.local\/wp-content\/uploads\/2025\/01\/icon-success.svg","id":116},"library":"svg"},"align":"left"},"elements":[],"isInner":false,"widgetType":"icon","elType":"widget"},{"id":"74535d7e","settings":{"ending_number":829,"title":"","number_color":"#FFFFFF","typography_number_typography":"custom","typography_number_font_family":"Poppins","typography_number_font_size":{"unit":"px","size":42,"sizes":[]},"typography_number_font_weight":"700","typography_number_line_height":{"unit":"px","size":46,"sizes":[]}},"elements":[],"isInner":false,"widgetType":"counter","elType":"widget"},{"id":"65d19960","settings":{"title":"Successful On\u2028Big Projects","header_size":"h3","typography_typography":"custom","typography_font_family":"Raleway","typography_font_size":{"unit":"px","size":18,"sizes":[]},"typography_font_weight":"400","typography_line_height":{"unit":"px","size":32,"sizes":[]},"title_color":"#FFFFFF","_margin":{"unit":"px","top":"0","right":"0","bottom":"0","left":"69","isLinked":false},"_padding":{"unit":"px","top":"0","right":"0","bottom":"0","left":"0","isLinked":false}},"elements":[],"isInner":false,"widgetType":"heading","elType":"widget"}],"isInner":true,"elType":"container"}],"isInner":true,"elType":"container"}],"isInner":false,"elType":"container"},{"id":"515cc1","settings":{"flex_direction":"column","flex_gap":{"column":"0","row":"50","isLinked":false,"unit":"px","size":0},"padding":{"unit":"px","top":"100","right":"0","bottom":"100","left":"0","isLinked":false},"background_background":"classic","background_color":"#FFFFFF"},"elements":[{"id":"6525877c","settings":{"content_width":"full","flex_gap":{"column":"12","row":"12","isLinked":true,"unit":"px","size":12},"padding":{"unit":"px","top":"0","right":"0","bottom":"0","left":"0","isLinked":false}},"elements":[{"id":"6694715d","settings":{"title":"Good For Your Business","align":"center","typography_typography":"custom","typography_font_family":"Raleway","typography_font_size":{"unit":"px","size":50,"sizes":[]},"typography_font_weight":"800","typography_text_transform":"capitalize","typography_line_height":{"unit":"px","size":59,"sizes":[]},"__globals__":{"typography_typography":""}},"elements":[],"isInner":false,"widgetType":"heading","elType":"widget"},{"id":"22bed649","settings":{"editor":"<p>We have designed a feature based on latest research<\/p>","align":"center","text_color":"#0B251C","typography_typography":"custom","typography_font_family":"Raleway","typography_font_size":{"unit":"px","size":18,"sizes":[]},"typography_font_weight":"500","typography_line_height":{"unit":"px","size":21,"sizes":[]},"_margin":{"unit":"px","top":"0","right":"0","bottom":"-14","left":"0","isLinked":false},"__globals__":{"text_color":"globals\/colors?id=primary","typography_typography":""}},"elements":[],"isInner":false,"widgetType":"text-editor","elType":"widget"}],"isInner":true,"elType":"container"},{"id":"6474d44b","settings":{"content_width":"full","flex_gap":{"column":"","row":"","isLinked":true,"unit":"px","size":null},"padding":{"unit":"px","top":"0","right":"0","bottom":"0","left":"0","isLinked":false}},"elements":[{"id":"121f7b53","settings":{"tabs":[{"tab_title":"Automations","_id":"5530360","tab_icon":{"value":{"url":"http:\/\/pastilaris.local\/wp-content\/uploads\/2025\/01\/icon-tab-default04.svg","id":151},"library":"svg"},"tab_icon_active":{"value":{"url":"http:\/\/pastilaris.local\/wp-content\/uploads\/2025\/01\/icon-tab-active04.svg","id":146},"library":"svg"}},{"tab_title":"Real-Time","_id":"67cb834","tab_icon":{"value":{"url":"http:\/\/pastilaris.local\/wp-content\/uploads\/2025\/01\/icon-tab-default03.svg","id":149},"library":"svg"},"tab_icon_active":{"value":{"url":"http:\/\/pastilaris.local\/wp-content\/uploads\/2025\/01\/icon-tab-active03.svg","id":145},"library":"svg"}},{"tab_title":"Lifetime Support","_id":"dccb5dd","tab_icon":{"value":{"url":"http:\/\/pastilaris.local\/wp-content\/uploads\/2025\/01\/icon-tab-default02.svg","id":148},"library":"svg"},"tab_icon_active":{"value":{"url":"http:\/\/pastilaris.local\/wp-content\/uploads\/2025\/01\/icon-tab-active02.svg","id":144},"library":"svg"}},{"_id":"dd18613","tab_title":"High Protection","tab_icon":{"value":{"url":"http:\/\/pastilaris.local\/wp-content\/uploads\/2025\/01\/icon-tab-default01.svg","id":147},"library":"svg"},"tab_icon_active":{"value":{"url":"http:\/\/pastilaris.local\/wp-content\/uploads\/2025\/01\/icon-tab-active01.svg","id":143},"library":"svg"}}],"tabs_title_space_between":{"unit":"px","size":124,"sizes":[]},"tabs_title_background_color_background":"classic","tabs_title_background_color_color":"#02010100","tabs_title_background_color_hover_color":"#0B251C00","tabs_title_background_color_active_color":"#02010100","padding":{"unit":"px","top":"0","right":"0","bottom":"30","left":"0","isLinked":false},"title_typography_typography":"custom","title_typography_font_size":{"unit":"px","size":20,"sizes":[]},"title_text_color_active":"#0B251C","icon_size":{"unit":"px","size":50,"sizes":[]},"icon_spacing":{"unit":"px","size":16,"sizes":[]},"box_padding":{"unit":"px","top":"0","right":"0","bottom":"0","left":"0","isLinked":false},"_margin":{"unit":"px","top":"0","right":"0","bottom":"0","left":"0","isLinked":true},"_padding":{"unit":"px","top":"0","right":"0","bottom":"0","left":"0","isLinked":false},"__globals__":{"title_typography_typography":"","title_text_color":"","title_text_color_active":"globals\/colors?id=primary","tabs_title_background_color_hover_color":"","title_text_color_hover":"globals\/colors?id=primary","tabs_title_border_active_color":"globals\/colors?id=primary","tabs_title_border_hover_color":""},"tabs_title_spacing":{"unit":"px","size":50,"sizes":[]},"tabs_title_border_border":"solid","tabs_title_border_width":{"unit":"px","top":"0","right":"0","bottom":"3","left":"0","isLinked":false},"tabs_title_border_color":"#02010100","tabs_title_border_hover_border":"solid","tabs_title_border_hover_width":{"unit":"px","top":"0","right":"0","bottom":"3","left":"0","isLinked":false},"tabs_title_border_hover_color":"#0B251C00","tabs_title_border_active_border":"solid","tabs_title_border_active_width":{"unit":"px","top":"0","right":"0","bottom":"3","left":"0","isLinked":false},"tabs_title_border_active_color":"#0B251C","title_typography_font_family":"Poppins","title_typography_font_weight":"500","title_typography_line_height":{"unit":"px","size":30,"sizes":[]},"title_text_color":"#76837E","title_text_color_hover":"#0B251C","icon_color":"#02010100","icon_color_hover":"#02010100","icon_color_active":"#02010100","_z_index":2},"elements":[{"id":"3d098586","settings":{"_title":"Tab #1","content_width":"full","flex_gap":{"column":"","row":"","isLinked":true,"unit":"px","size":null}},"elements":[{"id":"121c906a","settings":{"flex_direction":"row","flex_gap":{"column":"50","row":"0","isLinked":false,"unit":"px","size":50},"padding":{"unit":"px","top":"0","right":"29","bottom":"0","left":"29","isLinked":false}},"elements":[{"id":"1c3197cc","settings":{"content_width":"full","padding":{"unit":"px","top":"0","right":"0","bottom":"0","left":"0","isLinked":false}},"elements":[{"id":"289a9455","settings":{"image":{"url":"http:\/\/pastilaris.local\/wp-content\/uploads\/2025\/01\/img-automation.png","id":156,"size":"","alt":"","source":"library"},"image_size":"full"},"elements":[],"isInner":false,"widgetType":"image","elType":"widget"}],"isInner":true,"elType":"container"},{"id":"541ffb4","settings":{"content_width":"full","flex_gap":{"column":"0","row":"30","isLinked":false,"unit":"px","size":0},"padding":{"unit":"px","top":"0","right":"0","bottom":"0","left":"0","isLinked":true}},"elements":[{"id":"744088c6","settings":{"title":"We\u2019re Helping Big\nGlobal Companies Grow","align":"left","typography_typography":"custom","typography_font_family":"Raleway","typography_font_size":{"unit":"px","size":32,"sizes":[]},"typography_font_weight":"700","typography_text_transform":"capitalize","typography_line_height":{"unit":"px","size":46,"sizes":[]},"_element_width":"initial","_element_custom_width":{"unit":"%","size":69,"sizes":[]},"__globals__":{"typography_typography":"","title_color":"globals\/colors?id=primary"},"_margin":{"unit":"px","top":"0","right":"0","bottom":"-20","left":"0","isLinked":false}},"elements":[],"isInner":false,"widgetType":"heading","elType":"widget"},{"id":"6f4d991c","settings":{"editor":"<p>Track your customers behavior to make a good decision that helps the customer use our services better way.<\/p>","align":"left","typography_typography":"custom","typography_font_family":"Raleway","typography_font_size":{"unit":"px","size":18,"sizes":[]},"typography_font_weight":"500","typography_line_height":{"unit":"px","size":32,"sizes":[]},"_margin":{"unit":"px","top":"0","right":"0","bottom":"-16","left":"0","isLinked":false},"_element_width":"initial","_element_custom_width":{"unit":"%","size":93,"sizes":[]},"__globals__":{"text_color":"globals\/colors?id=primary"}},"elements":[],"isInner":false,"widgetType":"text-editor","elType":"widget"},{"id":"53a3aad9","settings":{"icon_list":[{"text":"Auto running when reaches certain number","selected_icon":{"value":{"url":"http:\/\/pastilaris.local\/wp-content\/uploads\/2025\/01\/icon-tab-list.svg","id":157},"library":"svg"},"_id":"4e4fbf6"},{"text":"Sending message to server for repeatation","selected_icon":{"value":{"url":"http:\/\/pastilaris.local\/wp-content\/uploads\/2025\/01\/icon-tab-list.svg","id":157},"library":"svg"},"_id":"5f35033"},{"text":"Reporting and extracting the data","selected_icon":{"value":{"url":"http:\/\/pastilaris.local\/wp-content\/uploads\/2025\/01\/icon-tab-list.svg","id":157},"library":"svg"},"_id":"7fab214"}],"space_between":{"unit":"px","size":20,"sizes":[]},"icon_size":{"unit":"px","size":30,"sizes":[]},"icon_typography_typography":"custom","icon_typography_font_family":"Raleway","icon_typography_font_size":{"unit":"px","size":18,"sizes":[]},"icon_typography_font_weight":"700","icon_typography_line_height":{"unit":"px","size":21,"sizes":[]}},"elements":[],"isInner":false,"widgetType":"icon-list","elType":"widget"},{"id":"20ac8169","settings":{"text":"Learn More","typography_typography":"custom","typography_font_family":"Raleway","typography_font_size":{"unit":"px","size":18,"sizes":[]},"typography_font_weight":"600","typography_line_height":{"unit":"px","size":19,"sizes":[]},"background_color":"#02010100","border_border":"solid","border_width":{"unit":"px","top":"1","right":"1","bottom":"1","left":"1","isLinked":true},"text_padding":{"unit":"px","top":"12","right":"20","bottom":"12","left":"20","isLinked":false},"__globals__":{"typography_typography":"","border_color":"globals\/colors?id=primary","button_text_color":"globals\/colors?id=primary"}},"elements":[],"isInner":false,"widgetType":"button","elType":"widget"}],"isInner":true,"elType":"container"}],"isInner":true,"elType":"container"}],"isInner":true,"elType":"container","isLocked":true},{"id":"18a6a9b0","settings":{"_title":"Tab #2","content_width":"full"},"elements":[{"id":"1b1ea59b","settings":{"flex_direction":"row-reverse","flex_gap":{"column":"50","row":"0","isLinked":false,"unit":"px","size":50},"padding":{"unit":"px","top":"0","right":"31","bottom":"0","left":"31","isLinked":false}},"elements":[{"id":"303288e6","settings":{"content_width":"full","padding":{"unit":"px","top":"0","right":"0","bottom":"0","left":"0","isLinked":false}},"elements":[{"id":"311bd049","settings":{"image":{"url":"http:\/\/pastilaris.local\/wp-content\/uploads\/2025\/01\/img-automation.png","id":156,"size":"","alt":"","source":"library"},"image_size":"full"},"elements":[],"isInner":false,"widgetType":"image","elType":"widget"}],"isInner":true,"elType":"container"},{"id":"11361f7b","settings":{"content_width":"full","flex_gap":{"column":"0","row":"30","isLinked":false,"unit":"px","size":0},"padding":{"unit":"px","top":"0","right":"0","bottom":"0","left":"0","isLinked":true}},"elements":[{"id":"4be83157","settings":{"title":"We\u2019re Helping Big\nGlobal Real-Time","align":"left","typography_typography":"custom","typography_font_family":"Raleway","typography_font_size":{"unit":"px","size":32,"sizes":[]},"typography_font_weight":"700","typography_text_transform":"capitalize","typography_line_height":{"unit":"px","size":46,"sizes":[]},"_element_width":"initial","_element_custom_width":{"unit":"%","size":69,"sizes":[]},"__globals__":{"typography_typography":"","title_color":"globals\/colors?id=primary"},"_margin":{"unit":"px","top":"0","right":"0","bottom":"-20","left":"0","isLinked":false}},"elements":[],"isInner":false,"widgetType":"heading","elType":"widget"},{"id":"56b0f299","settings":{"editor":"<p>Track your customers behavior to make a good decision that helps the customer use our services better way.<\/p>","align":"left","typography_typography":"custom","typography_font_family":"Raleway","typography_font_size":{"unit":"px","size":18,"sizes":[]},"typography_font_weight":"500","typography_line_height":{"unit":"px","size":32,"sizes":[]},"_margin":{"unit":"px","top":"0","right":"0","bottom":"-16","left":"0","isLinked":false},"_element_width":"initial","_element_custom_width":{"unit":"%","size":93,"sizes":[]},"__globals__":{"text_color":"globals\/colors?id=primary"}},"elements":[],"isInner":false,"widgetType":"text-editor","elType":"widget"},{"id":"51ff0b75","settings":{"icon_list":[{"text":"Auto running when reaches certain number","selected_icon":{"value":{"url":"http:\/\/pastilaris.local\/wp-content\/uploads\/2025\/01\/icon-tab-list.svg","id":157},"library":"svg"},"_id":"4e4fbf6"},{"text":"Sending message to server for repeatation","selected_icon":{"value":{"url":"http:\/\/pastilaris.local\/wp-content\/uploads\/2025\/01\/icon-tab-list.svg","id":157},"library":"svg"},"_id":"5f35033"},{"text":"Reporting and extracting the data","selected_icon":{"value":{"url":"http:\/\/pastilaris.local\/wp-content\/uploads\/2025\/01\/icon-tab-list.svg","id":157},"library":"svg"},"_id":"7fab214"}],"space_between":{"unit":"px","size":20,"sizes":[]},"icon_size":{"unit":"px","size":30,"sizes":[]},"icon_typography_typography":"custom","icon_typography_font_family":"Raleway","icon_typography_font_size":{"unit":"px","size":18,"sizes":[]},"icon_typography_font_weight":"700","icon_typography_line_height":{"unit":"px","size":21,"sizes":[]}},"elements":[],"isInner":false,"widgetType":"icon-list","elType":"widget"},{"id":"66ba9a8c","settings":{"text":"Learn More","typography_typography":"custom","typography_font_family":"Raleway","typography_font_size":{"unit":"px","size":18,"sizes":[]},"typography_font_weight":"600","typography_line_height":{"unit":"px","size":19,"sizes":[]},"background_color":"#02010100","border_border":"solid","border_width":{"unit":"px","top":"1","right":"1","bottom":"1","left":"1","isLinked":true},"text_padding":{"unit":"px","top":"12","right":"20","bottom":"12","left":"20","isLinked":false},"__globals__":{"typography_typography":"","border_color":"globals\/colors?id=primary","button_text_color":"globals\/colors?id=primary"}},"elements":[],"isInner":false,"widgetType":"button","elType":"widget"}],"isInner":true,"elType":"container"}],"isInner":true,"elType":"container"}],"isInner":true,"elType":"container","isLocked":true},{"id":"57c7a2d4","settings":{"_title":"Tab #3","content_width":"full"},"elements":[{"id":"720dfdd5","settings":{"flex_direction":"row","flex_gap":{"column":"50","row":"0","isLinked":false,"unit":"px","size":50},"padding":{"unit":"px","top":"0","right":"31","bottom":"0","left":"31","isLinked":false}},"elements":[{"id":"7fa43e20","settings":{"content_width":"full","padding":{"unit":"px","top":"0","right":"0","bottom":"0","left":"0","isLinked":false}},"elements":[{"id":"72fd7e58","settings":{"image":{"url":"http:\/\/pastilaris.local\/wp-content\/uploads\/2025\/01\/img-automation.png","id":156,"size":"","alt":"","source":"library"},"image_size":"full"},"elements":[],"isInner":false,"widgetType":"image","elType":"widget"}],"isInner":true,"elType":"container"},{"id":"1fe8b13a","settings":{"content_width":"full","flex_gap":{"column":"0","row":"30","isLinked":false,"unit":"px","size":0},"padding":{"unit":"px","top":"0","right":"0","bottom":"0","left":"0","isLinked":true}},"elements":[{"id":"35ce1e4c","settings":{"title":"We\u2019re Helping Big\nGlobal Lifetime Support","align":"left","typography_typography":"custom","typography_font_family":"Raleway","typography_font_size":{"unit":"px","size":32,"sizes":[]},"typography_font_weight":"700","typography_text_transform":"capitalize","typography_line_height":{"unit":"px","size":46,"sizes":[]},"_element_width":"initial","_element_custom_width":{"unit":"%","size":69,"sizes":[]},"__globals__":{"typography_typography":"","title_color":"globals\/colors?id=primary"},"_margin":{"unit":"px","top":"0","right":"0","bottom":"-20","left":"0","isLinked":false}},"elements":[],"isInner":false,"widgetType":"heading","elType":"widget"},{"id":"6da06a58","settings":{"editor":"<p>Track your customers behavior to make a good decision that helps the customer use our services better way.<\/p>","align":"left","typography_typography":"custom","typography_font_family":"Raleway","typography_font_size":{"unit":"px","size":18,"sizes":[]},"typography_font_weight":"500","typography_line_height":{"unit":"px","size":32,"sizes":[]},"_margin":{"unit":"px","top":"0","right":"0","bottom":"-16","left":"0","isLinked":false},"_element_width":"initial","_element_custom_width":{"unit":"%","size":93,"sizes":[]},"__globals__":{"text_color":"globals\/colors?id=primary"}},"elements":[],"isInner":false,"widgetType":"text-editor","elType":"widget"},{"id":"6319351e","settings":{"icon_list":[{"text":"Auto running when reaches certain number","selected_icon":{"value":{"url":"http:\/\/pastilaris.local\/wp-content\/uploads\/2025\/01\/icon-tab-list.svg","id":157},"library":"svg"},"_id":"4e4fbf6"},{"text":"Sending message to server for repeatation","selected_icon":{"value":{"url":"http:\/\/pastilaris.local\/wp-content\/uploads\/2025\/01\/icon-tab-list.svg","id":157},"library":"svg"},"_id":"5f35033"},{"text":"Reporting and extracting the data","selected_icon":{"value":{"url":"http:\/\/pastilaris.local\/wp-content\/uploads\/2025\/01\/icon-tab-list.svg","id":157},"library":"svg"},"_id":"7fab214"}],"space_between":{"unit":"px","size":20,"sizes":[]},"icon_size":{"unit":"px","size":30,"sizes":[]},"icon_typography_typography":"custom","icon_typography_font_family":"Raleway","icon_typography_font_size":{"unit":"px","size":18,"sizes":[]},"icon_typography_font_weight":"700","icon_typography_line_height":{"unit":"px","size":21,"sizes":[]}},"elements":[],"isInner":false,"widgetType":"icon-list","elType":"widget"},{"id":"3682a888","settings":{"text":"Learn More","typography_typography":"custom","typography_font_family":"Raleway","typography_font_size":{"unit":"px","size":18,"sizes":[]},"typography_font_weight":"600","typography_line_height":{"unit":"px","size":19,"sizes":[]},"background_color":"#02010100","border_border":"solid","border_width":{"unit":"px","top":"1","right":"1","bottom":"1","left":"1","isLinked":true},"text_padding":{"unit":"px","top":"12","right":"20","bottom":"12","left":"20","isLinked":false},"__globals__":{"typography_typography":"","border_color":"globals\/colors?id=primary","button_text_color":"globals\/colors?id=primary"}},"elements":[],"isInner":false,"widgetType":"button","elType":"widget"}],"isInner":true,"elType":"container"}],"isInner":true,"elType":"container"}],"isInner":true,"elType":"container","isLocked":true},{"id":"33dd039c","settings":{"_title":"Tab #4"},"elements":[{"id":"3c97ba16","settings":{"flex_direction":"row-reverse","content_width":"full","flex_gap":{"column":"50","row":"0","isLinked":false,"unit":"px","size":50},"padding":{"unit":"px","top":"0","right":"31","bottom":"0","left":"31","isLinked":false}},"elements":[{"id":"23cbdacb","settings":{"content_width":"full","padding":{"unit":"px","top":"0","right":"0","bottom":"0","left":"0","isLinked":false}},"elements":[{"id":"4a19e15f","settings":{"image":{"url":"http:\/\/pastilaris.local\/wp-content\/uploads\/2025\/01\/img-automation.png","id":156,"size":"","alt":"","source":"library"},"image_size":"full"},"elements":[],"isInner":false,"widgetType":"image","elType":"widget"}],"isInner":true,"elType":"container"},{"id":"69faf149","settings":{"content_width":"full","flex_gap":{"column":"0","row":"30","isLinked":false,"unit":"px","size":0},"padding":{"unit":"px","top":"0","right":"0","bottom":"0","left":"0","isLinked":true}},"elements":[{"id":"76c4c5c0","settings":{"title":"We\u2019re Helping Big\nGlobal High Protection","align":"left","typography_typography":"custom","typography_font_family":"Raleway","typography_font_size":{"unit":"px","size":32,"sizes":[]},"typography_font_weight":"700","typography_text_transform":"capitalize","typography_line_height":{"unit":"px","size":46,"sizes":[]},"_element_width":"initial","_element_custom_width":{"unit":"%","size":69,"sizes":[]},"__globals__":{"typography_typography":"","title_color":"globals\/colors?id=primary"},"_margin":{"unit":"px","top":"0","right":"0","bottom":"-20","left":"0","isLinked":false}},"elements":[],"isInner":false,"widgetType":"heading","elType":"widget"},{"id":"3ad61e78","settings":{"editor":"<p>Track your customers behavior to make a good decision that helps the customer use our services better way.<\/p>","align":"left","typography_typography":"custom","typography_font_family":"Raleway","typography_font_size":{"unit":"px","size":18,"sizes":[]},"typography_font_weight":"500","typography_line_height":{"unit":"px","size":32,"sizes":[]},"_margin":{"unit":"px","top":"0","right":"0","bottom":"-16","left":"0","isLinked":false},"_element_width":"initial","_element_custom_width":{"unit":"%","size":93,"sizes":[]},"__globals__":{"text_color":"globals\/colors?id=primary"}},"elements":[],"isInner":false,"widgetType":"text-editor","elType":"widget"},{"id":"143c423","settings":{"icon_list":[{"text":"Auto running when reaches certain number","selected_icon":{"value":{"url":"http:\/\/pastilaris.local\/wp-content\/uploads\/2025\/01\/icon-tab-list.svg","id":157},"library":"svg"},"_id":"4e4fbf6"},{"text":"Sending message to server for repeatation","selected_icon":{"value":{"url":"http:\/\/pastilaris.local\/wp-content\/uploads\/2025\/01\/icon-tab-list.svg","id":157},"library":"svg"},"_id":"5f35033"},{"text":"Reporting and extracting the data","selected_icon":{"value":{"url":"http:\/\/pastilaris.local\/wp-content\/uploads\/2025\/01\/icon-tab-list.svg","id":157},"library":"svg"},"_id":"7fab214"}],"space_between":{"unit":"px","size":20,"sizes":[]},"icon_size":{"unit":"px","size":30,"sizes":[]},"icon_typography_typography":"custom","icon_typography_font_family":"Raleway","icon_typography_font_size":{"unit":"px","size":18,"sizes":[]},"icon_typography_font_weight":"700","icon_typography_line_height":{"unit":"px","size":21,"sizes":[]}},"elements":[],"isInner":false,"widgetType":"icon-list","elType":"widget"},{"id":"17cb849e","settings":{"text":"Learn More","typography_typography":"custom","typography_font_family":"Raleway","typography_font_size":{"unit":"px","size":18,"sizes":[]},"typography_font_weight":"600","typography_line_height":{"unit":"px","size":19,"sizes":[]},"background_color":"#02010100","border_border":"solid","border_width":{"unit":"px","top":"1","right":"1","bottom":"1","left":"1","isLinked":true},"text_padding":{"unit":"px","top":"12","right":"20","bottom":"12","left":"20","isLinked":false},"__globals__":{"typography_typography":"","border_color":"globals\/colors?id=primary","button_text_color":"globals\/colors?id=primary"}},"elements":[],"isInner":false,"widgetType":"button","elType":"widget"}],"isInner":true,"elType":"container"}],"isInner":true,"elType":"container"}],"isInner":true,"elType":"container","isLocked":true}],"isInner":false,"widgetType":"nested-tabs","elType":"widget"},{"id":"245c2e10","settings":{"text":"Divider","color":"#E7EBEA","_position":"absolute","_offset_y":{"unit":"px","size":66,"sizes":[]}},"elements":[],"isInner":false,"widgetType":"divider","elType":"widget"}],"isInner":true,"elType":"container"}],"isInner":false,"elType":"container"},{"id":"4f7f3235","settings":{"flex_direction":"column","padding":{"unit":"px","top":"100","right":"0","bottom":"100","left":"0","isLinked":false}},"elements":[{"id":"47d77015","settings":{"content_width":"full","flex_direction":"row","flex_gap":{"column":"70","row":"0","isLinked":false,"unit":"px","size":70},"padding":{"unit":"px","top":"0","right":"0","bottom":"0","left":"0","isLinked":false}},"elements":[{"id":"7b024509","settings":{"content_width":"full","flex_direction":"row","flex_gap":{"column":"30","row":"30","isLinked":true,"unit":"px","size":30},"flex_wrap":"wrap","padding":{"unit":"px","top":"0","right":"0","bottom":"0","left":"0","isLinked":false},"_flex_align_self":"center","flex_align_items":"center"},"elements":[{"id":"7ec0cebc","settings":{"title":"Built For Everyone","align":"left","typography_typography":"custom","typography_font_family":"Raleway","typography_font_size":{"unit":"px","size":32,"sizes":[]},"typography_font_weight":"700","typography_text_transform":"capitalize","typography_line_height":{"unit":"px","size":46,"sizes":[]},"_element_width":"auto","_element_custom_width":{"unit":"%","size":69,"sizes":[]},"__globals__":{"typography_typography":"","title_color":"globals\/colors?id=primary"},"_margin":{"unit":"px","top":"0","right":"0","bottom":"-20","left":"0","isLinked":false}},"elements":[],"isInner":false,"widgetType":"heading","elType":"widget"},{"id":"14c1b224","settings":{"editor":"<p>Track your customers behavior to make a good decision that helps the customer use our services better way.<\/p>","align":"left","typography_typography":"custom","typography_font_family":"Raleway","typography_font_size":{"unit":"px","size":18,"sizes":[]},"typography_font_weight":"500","typography_line_height":{"unit":"px","size":32,"sizes":[]},"_margin":{"unit":"px","top":"0","right":"0","bottom":"-15","left":"0","isLinked":false},"_element_width":"initial","_element_custom_width":{"unit":"%","size":89,"sizes":[]},"__globals__":{"text_color":"globals\/colors?id=primary"}},"elements":[],"isInner":false,"widgetType":"text-editor","elType":"widget"},{"id":"10afd351","settings":{"content_width":"full","flex_direction":"row","padding":{"unit":"px","top":"0","right":"0","bottom":"0","left":"0","isLinked":false}},"elements":[{"id":"6e06c1d7","settings":{"text":"Get Started","typography_typography":"custom","typography_font_family":"Raleway","typography_font_size":{"unit":"px","size":16,"sizes":[]},"typography_font_weight":"700","typography_line_height":{"unit":"px","size":19,"sizes":[]},"text_padding":{"unit":"px","top":"20","right":"30","bottom":"20","left":"30","isLinked":false},"__globals__":{"background_color":"globals\/colors?id=2a1a751","button_text_color":"globals\/colors?id=primary"},"_flex_align_self":"flex-start","_element_width":"auto"},"elements":[],"isInner":false,"widgetType":"button","elType":"widget"},{"id":"6ea97264","settings":{"icon_list":[{"text":"No credit card required, really.","selected_icon":{"value":{"url":"http:\/\/pastilaris.local\/wp-content\/uploads\/2025\/01\/icon-built-everyone.svg","id":184},"library":"svg"},"_id":"64256ef"}],"icon_size":{"unit":"px","size":24,"sizes":[]},"_padding":{"unit":"px","top":"0","right":"0","bottom":"0","left":"0","isLinked":false},"icon_typography_typography":"custom","icon_typography_font_family":"Raleway","icon_typography_font_size":{"unit":"px","size":14,"sizes":[]},"icon_typography_font_weight":"700","icon_typography_line_height":{"unit":"px","size":16,"sizes":[]},"_flex_align_self":"center"},"elements":[],"isInner":false,"widgetType":"icon-list","elType":"widget"}],"isInner":true,"elType":"container"}],"isInner":true,"elType":"container"},{"id":"ec17e51","settings":{"content_width":"full","padding":{"unit":"px","top":"0","right":"0","bottom":"0","left":"0","isLinked":false},"width":{"unit":"%","size":100,"sizes":[]}},"elements":[{"id":"97f6486","settings":{"image":{"url":"http:\/\/pastilaris.local\/wp-content\/uploads\/2025\/01\/illustration_data.png","id":183,"size":"","alt":"","source":"library"},"image_size":"full","_margin":{"unit":"px","top":"0","right":"0","bottom":"0","left":"-28","isLinked":false},"_element_width":"inherit","width":{"unit":"%","size":100,"sizes":[]}},"elements":[],"isInner":false,"widgetType":"image","elType":"widget"}],"isInner":true,"elType":"container"}],"isInner":true,"elType":"container"}],"isInner":false,"elType":"container"},{"id":"63e8df6c","settings":{"flex_direction":"column","background_background":"classic","background_color":"#FFFFFF","padding":{"unit":"px","top":"0","right":"0","bottom":"0","left":"0","isLinked":false}},"elements":[{"id":"2de1055e","settings":{"content_width":"full","flex_gap":{"column":"0","row":"0","isLinked":false,"unit":"px","size":0},"margin":{"unit":"px","top":"100","right":"0","bottom":"100","left":"0","isLinked":false},"padding":{"unit":"px","top":"0","right":"0","bottom":"0","left":"0","isLinked":false}},"elements":[{"id":"7f9ea5c3","settings":{"content_width":"full","flex_gap":{"column":"12","row":"12","isLinked":true,"unit":"px","size":12},"padding":{"unit":"px","top":"0","right":"0","bottom":"0","left":"0","isLinked":false}},"elements":[{"id":"1bab5d10","settings":{"title":"Simple Steps & Done.","align":"center","typography_typography":"custom","typography_font_family":"Raleway","typography_font_size":{"unit":"px","size":50,"sizes":[]},"typography_font_weight":"800","typography_text_transform":"capitalize","typography_line_height":{"unit":"px","size":59,"sizes":[]},"__globals__":{"typography_typography":""}},"elements":[],"isInner":false,"widgetType":"heading","elType":"widget"},{"id":"699fc733","settings":{"editor":"<p>We have designed a feature based on latest research<\/p>","align":"center","text_color":"#0B251C","typography_typography":"custom","typography_font_family":"Raleway","typography_font_size":{"unit":"px","size":18,"sizes":[]},"typography_font_weight":"500","typography_line_height":{"unit":"px","size":21,"sizes":[]},"_margin":{"unit":"px","top":"0","right":"0","bottom":"-14","left":"0","isLinked":false},"__globals__":{"text_color":"globals\/colors?id=primary","typography_typography":""}},"elements":[],"isInner":false,"widgetType":"text-editor","elType":"widget"}],"isInner":true,"elType":"container"},{"id":"47d919ba","settings":{"content_width":"full","flex_gap":{"column":"","row":"","isLinked":true,"unit":"px","size":null},"background_color":"#02010100","background_image":{"url":"http:\/\/pastilaris.local\/wp-content\/uploads\/2025\/01\/arrow-down.png","id":229,"size":"","alt":"","source":"library"},"background_position":"initial","background_xpos":{"unit":"vw","size":5,"sizes":[]},"background_xpos_tablet":{"unit":"vw","size":0,"sizes":[]},"background_xpos_mobile":{"unit":"vw","size":0,"sizes":[]},"background_repeat":"no-repeat","margin":{"unit":"px","top":"50","right":"0","bottom":"0","left":"0","isLinked":false},"padding":{"unit":"px","top":"0","right":"0","bottom":"0","left":"0","isLinked":false}},"elements":[{"id":"6d0dc9b6","settings":{"image":{"url":"http:\/\/pastilaris.local\/wp-content\/uploads\/2025\/01\/arrow-down.png","id":229,"size":"","alt":"","source":"library"},"_margin":{"unit":"px","top":"0","right":"0","bottom":"0","left":"0","isLinked":false},"_padding":{"unit":"px","top":"0","right":"0","bottom":"0","left":"0","isLinked":false},"_element_width":"initial","_element_custom_width":{"unit":"%","size":48,"sizes":[]},"_flex_align_self":"flex-start","_offset_x":{"unit":"px","size":72,"sizes":[]}},"elements":[],"isInner":false,"widgetType":"image","elType":"widget"}],"isInner":true,"elType":"container"},{"id":"7aed4033","settings":{"content_width":"full","width":{"unit":"%","size":100,"sizes":[]},"flex_direction":"row","flex_gap":{"column":"80","row":"0","isLinked":false,"unit":"px","size":80},"margin":{"unit":"px","top":"20","right":"0","bottom":"20","left":"0","isLinked":false},"padding":{"unit":"px","top":"0","right":"0","bottom":"0","left":"0","isLinked":false}},"elements":[{"id":"15667165","settings":{"content_width":"full","width":{"unit":"%","size":100,"sizes":[]},"flex_direction":"row","flex_gap":{"column":"16","row":"20","isLinked":false,"unit":"px","size":16},"flex_wrap":"wrap","padding":{"unit":"px","top":"0","right":"0","bottom":"0","left":"0","isLinked":false}},"elements":[{"id":"6ba56f12","settings":{"selected_icon":{"value":{"url":"http:\/\/pastilaris.local\/wp-content\/uploads\/2025\/01\/icon-signup.svg","id":221},"library":"svg"},"align":"left","size":{"unit":"px","size":50,"sizes":[]},"_margin":{"unit":"px","top":"0","right":"0","bottom":"-6","left":"0","isLinked":false},"_element_width":"auto","_flex_align_self":"flex-start"},"elements":[],"isInner":false,"widgetType":"icon","elType":"widget"},{"id":"5ef81fb9","settings":{"title":"Sign Up","header_size":"h3","align":"left","typography_typography":"custom","typography_font_family":"Poppins","typography_font_size":{"unit":"px","size":20,"sizes":[]},"typography_font_weight":"600","typography_line_height":{"unit":"px","size":30,"sizes":[]},"_flex_align_self":"center"},"elements":[],"isInner":false,"widgetType":"heading","elType":"widget"},{"id":"47dc637c","settings":{"editor":"<p>Creating new account and connect with your website or woocommerce.<\/p>","align":"left","text_color":"#0B251C","typography_typography":"custom","typography_font_family":"Raleway","typography_font_size":{"unit":"px","size":16,"sizes":[]},"typography_font_weight":"500","typography_line_height":{"unit":"px","size":28,"sizes":[]},"_margin":{"unit":"px","top":"0","right":"0","bottom":"-24","left":"0","isLinked":false},"__globals__":{"text_color":"globals\/colors?id=primary","typography_typography":""},"_element_width":"initial","_element_custom_width":{"unit":"%","size":80,"sizes":[]}},"elements":[],"isInner":false,"widgetType":"text-editor","elType":"widget"}],"isInner":true,"elType":"container"},{"id":"219d8b58","settings":{"content_width":"full","width":{"unit":"%","size":100,"sizes":[]},"flex_direction":"row","flex_gap":{"column":"16","row":"20","isLinked":false,"unit":"px","size":16},"flex_wrap":"wrap","padding":{"unit":"px","top":"0","right":"0","bottom":"0","left":"0","isLinked":false}},"elements":[{"id":"531c67c5","settings":{"selected_icon":{"value":{"url":"http:\/\/pastilaris.local\/wp-content\/uploads\/2025\/01\/icon-analyzedata.svg","id":220},"library":"svg"},"align":"left","size":{"unit":"px","size":50,"sizes":[]},"_margin":{"unit":"px","top":"0","right":"0","bottom":"-7","left":"0","isLinked":false},"_element_width":"auto","_flex_align_self":"flex-start"},"elements":[],"isInner":false,"widgetType":"icon","elType":"widget"},{"id":"bb5e3b3","settings":{"title":"Analyze Data","header_size":"h3","align":"left","typography_typography":"custom","typography_font_family":"Poppins","typography_font_size":{"unit":"px","size":20,"sizes":[]},"typography_font_weight":"600","typography_line_height":{"unit":"px","size":30,"sizes":[]},"_flex_align_self":"center"},"elements":[],"isInner":false,"widgetType":"heading","elType":"widget"},{"id":"2e9064a","settings":{"editor":"<p>Read latest report that imported to make decisions for business<\/p>","align":"left","text_color":"#0B251C","typography_typography":"custom","typography_font_family":"Raleway","typography_font_size":{"unit":"px","size":16,"sizes":[]},"typography_font_weight":"500","typography_line_height":{"unit":"px","size":28,"sizes":[]},"_margin":{"unit":"px","top":"0","right":"0","bottom":"-24","left":"0","isLinked":false},"__globals__":{"text_color":"globals\/colors?id=primary","typography_typography":""},"_element_width":"initial","_element_custom_width":{"unit":"%","size":80,"sizes":[]}},"elements":[],"isInner":false,"widgetType":"text-editor","elType":"widget"}],"isInner":true,"elType":"container"},{"id":"42a5dfb7","settings":{"content_width":"full","width":{"unit":"%","size":100,"sizes":[]},"flex_direction":"row","flex_gap":{"column":"16","row":"20","isLinked":false,"unit":"px","size":16},"flex_wrap":"wrap","margin":{"unit":"px","top":"0","right":"0","bottom":"0","left":"0","isLinked":false},"padding":{"unit":"px","top":"0","right":"0","bottom":"0","left":"0","isLinked":false}},"elements":[{"id":"6a9e9308","settings":{"selected_icon":{"value":{"url":"http:\/\/pastilaris.local\/wp-content\/uploads\/2025\/01\/icon-tab-active04.svg","id":146},"library":"svg"},"align":"left","size":{"unit":"px","size":50,"sizes":[]},"_element_width":"auto","_flex_align_self":"flex-start"},"elements":[],"isInner":false,"widgetType":"icon","elType":"widget"},{"id":"494d2a69","settings":{"title":"Become Winner","header_size":"h3","align":"left","typography_typography":"custom","typography_font_family":"Poppins","typography_font_size":{"unit":"px","size":20,"sizes":[]},"typography_font_weight":"600","typography_line_height":{"unit":"px","size":30,"sizes":[]},"_flex_align_self":"center"},"elements":[],"isInner":false,"widgetType":"heading","elType":"widget"},{"id":"48491c4d","settings":{"editor":"<p>You will see the results in matter of weeks that you have grow bigger<\/p>","align":"left","text_color":"#0B251C","typography_typography":"custom","typography_font_family":"Raleway","typography_font_size":{"unit":"px","size":16,"sizes":[]},"typography_font_weight":"500","typography_line_height":{"unit":"px","size":28,"sizes":[]},"_margin":{"unit":"px","top":"0","right":"0","bottom":"-21","left":"0","isLinked":false},"__globals__":{"text_color":"globals\/colors?id=primary","typography_typography":""},"_element_width":"initial","_element_custom_width":{"unit":"%","size":80,"sizes":[]}},"elements":[],"isInner":false,"widgetType":"text-editor","elType":"widget"}],"isInner":true,"elType":"container"}],"isInner":true,"elType":"container"},{"id":"1f70c6d8","settings":{"content_width":"full","flex_gap":{"column":"","row":"","isLinked":true,"unit":"px","size":null},"background_color":"#02010100","background_image":{"url":"http:\/\/pastilaris.local\/wp-content\/uploads\/2025\/01\/arrow-down.png","id":229,"size":"","alt":"","source":"library"},"background_position":"initial","background_xpos":{"unit":"vw","size":5,"sizes":[]},"background_xpos_tablet":{"unit":"vw","size":0,"sizes":[]},"background_xpos_mobile":{"unit":"vw","size":0,"sizes":[]},"background_repeat":"no-repeat","margin":{"unit":"px","top":"0","right":"0","bottom":"0","left":"0","isLinked":false},"padding":{"unit":"px","top":"0","right":"0","bottom":"0","left":"0","isLinked":false}},"elements":[{"id":"13e798e4","settings":{"image":{"url":"http:\/\/pastilaris.local\/wp-content\/uploads\/2025\/01\/arrow-up.png","id":230,"size":"","alt":"","source":"library"},"_margin":{"unit":"px","top":"0","right":"0","bottom":"0","left":"0","isLinked":false},"_padding":{"unit":"px","top":"0","right":"0","bottom":"0","left":"0","isLinked":false},"_element_width":"initial","_element_custom_width":{"unit":"%","size":73,"sizes":[]},"_flex_align_self":"flex-end","_offset_x":{"unit":"px","size":72,"sizes":[]}},"elements":[],"isInner":false,"widgetType":"image","elType":"widget"}],"isInner":true,"elType":"container"}],"isInner":true,"elType":"container"}],"isInner":false,"elType":"container"},{"id":"171237ad","settings":{"flex_direction":"column","background_background":"classic","background_color":"#FFFFFF","padding":{"unit":"px","top":"100","right":"0","bottom":"100","left":"0","isLinked":false}},"elements":[{"id":"742566e8","settings":{"content_width":"full","flex_direction":"row","flex_gap":{"column":"70","row":"0","isLinked":false,"unit":"px","size":70},"padding":{"unit":"px","top":"0","right":"0","bottom":"0","left":"0","isLinked":false}},"elements":[{"id":"423fecc3","settings":{"content_width":"full","padding":{"unit":"px","top":"0","right":"0","bottom":"0","left":"0","isLinked":false}},"elements":[{"id":"913a6c","settings":{"image":{"url":"http:\/\/pastilaris.local\/wp-content\/uploads\/2025\/01\/photo.png","id":257,"size":"","alt":"","source":"library"},"width":{"unit":"%","size":100,"sizes":[]},"_margin":{"unit":"px","top":"0","right":"-35","bottom":"0","left":"0","isLinked":false}},"elements":[],"isInner":false,"widgetType":"image","elType":"widget"}],"isInner":true,"elType":"container"},{"id":"4fe4b82a","settings":{"content_width":"full","width":{"unit":"%","size":100,"sizes":[]},"min_height":{"unit":"px","size":0,"sizes":[]},"flex_gap":{"column":"0","row":"30","isLinked":false,"unit":"px","size":0},"flex_wrap":"wrap","margin":{"unit":"px","top":"0","right":"0","bottom":"0","left":"0","isLinked":true},"padding":{"unit":"px","top":"0","right":"0","bottom":"0","left":"0","isLinked":false},"flex_justify_content":"center"},"elements":[{"id":"ad2e50c","settings":{"rating_value":0,"rating_icon":{"value":{"url":"http:\/\/pastilaris.local\/wp-content\/uploads\/2025\/01\/icon-Star.svg","id":259},"library":"svg"},"icon_size":{"unit":"px","size":28,"sizes":[]},"icon_gap":{"unit":"px","size":2,"sizes":[]},"_element_width":"inherit","_element_custom_width":{"unit":"%","size":27,"sizes":[]},"_padding":{"unit":"px","top":"0","right":"0","bottom":"0","left":"0","isLinked":false}},"elements":[],"isInner":false,"widgetType":"rating","elType":"widget"},{"id":"49f5b5e4","settings":{"content_width":"full","flex_gap":{"column":"10","row":"10","isLinked":true,"unit":"px","size":10},"padding":{"unit":"px","top":"0","right":"0","bottom":"0","left":"0","isLinked":false}},"elements":[{"id":"580025ea","settings":{"title":"Pastilaris figured out that our previous system lacking of automation and spend a lot of time doing wrong things.","typography_typography":"custom","typography_font_family":"Raleway","typography_font_size":{"unit":"px","size":32,"sizes":[]},"typography_font_weight":"700","typography_line_height":{"unit":"px","size":46,"sizes":[]},"title_color":"#000000"},"elements":[],"isInner":false,"widgetType":"heading","elType":"widget"},{"id":"1c0e2968","settings":{"title":"Angga Yin, CEO Digissets Ltd","header_size":"div","typography_typography":"custom","typography_font_family":"Raleway","typography_font_size":{"unit":"px","size":16,"sizes":[]},"typography_font_weight":"500","typography_line_height":{"unit":"px","size":28,"sizes":[]},"title_color":"#000000","_margin":{"unit":"px","top":"0","right":"0","bottom":"0","left":"0","isLinked":false}},"elements":[],"isInner":false,"widgetType":"heading","elType":"widget"}],"isInner":true,"elType":"container"},{"id":"70e43dad","settings":{"icon_list":[{"text":"Business successfully growth","selected_icon":{"value":{"url":"http:\/\/pastilaris.local\/wp-content\/uploads\/2025\/01\/icon-built-everyone.svg","id":184},"library":"svg"},"_id":"64256ef"},{"text":"Reduce bottleneck in ecosystem","selected_icon":{"value":{"url":"http:\/\/pastilaris.local\/wp-content\/uploads\/2025\/01\/icon-built-everyone.svg","id":184},"library":"svg"},"_id":"c273309"}],"icon_size":{"unit":"px","size":30,"sizes":[]},"_padding":{"unit":"px","top":"0","right":"0","bottom":"0","left":"0","isLinked":false},"icon_typography_typography":"custom","icon_typography_font_family":"Raleway","icon_typography_font_size":{"unit":"px","size":18,"sizes":[]},"icon_typography_font_weight":"700","icon_typography_line_height":{"unit":"px","size":21,"sizes":[]},"space_between":{"unit":"px","size":20,"sizes":[]},"text_indent":{"unit":"px","size":0,"sizes":[]}},"elements":[],"isInner":false,"widgetType":"icon-list","elType":"widget"}],"isInner":true,"elType":"container"}],"isInner":true,"elType":"container"}],"isInner":false,"elType":"container"},{"id":"41427b95","settings":{"flex_direction":"column","background_background":"classic","background_color":"#0B251C","padding":{"unit":"px","top":"0","right":"0","bottom":"0","left":"0","isLinked":true},"min_height":{"unit":"px","size":500,"sizes":[]},"flex_justify_content":"center","background_image":{"url":"http:\/\/pastilaris.local\/wp-content\/uploads\/2025\/01\/cover.png","id":270,"size":"","alt":"","source":"library"},"background_position":"top right","background_repeat":"no-repeat","background_size":"initial","background_bg_width":{"unit":"vw","size":50,"sizes":[]},"background_bg_width_tablet":{"unit":"vw","size":"","sizes":[]},"background_bg_width_mobile":{"unit":"vw","size":"","sizes":[]},"background_overlay_background":"gradient","background_overlay_color_stop":{"unit":"%","size":50,"sizes":[]},"background_overlay_color_b":"#F2295B00","background_overlay_color_b_stop":{"unit":"%","size":50,"sizes":[]},"background_overlay_gradient_angle":{"unit":"deg","size":90,"sizes":[]},"background_overlay_opacity":{"unit":"px","size":1,"sizes":[]},"__globals__":{"background_overlay_color":"globals\/colors?id=primary"}},"elements":[{"id":"354efc0f","settings":{"content_width":"full","flex_gap":{"column":"30","row":"30","isLinked":true,"unit":"px","size":30},"padding":{"unit":"px","top":"0","right":"0","bottom":"0","left":"0","isLinked":false},"width":{"unit":"%","size":50,"sizes":[]}},"elements":[{"id":"38768404","settings":{"content_width":"full","flex_gap":{"column":"10","row":"10","isLinked":true,"unit":"px","size":10},"padding":{"unit":"px","top":"0","right":"0","bottom":"0","left":"0","isLinked":false}},"elements":[{"id":"2bf48a8d","settings":{"title":"Grow Your SaaS","typography_typography":"custom","typography_font_family":"Raleway","typography_font_size":{"unit":"px","size":32,"sizes":[]},"typography_font_weight":"700","typography_line_height":{"unit":"px","size":46,"sizes":[]},"title_color":"#FFFFFF"},"elements":[],"isInner":false,"widgetType":"heading","elType":"widget"},{"id":"5833c6c7","settings":{"title":"Track your customers behavior to make a good decision that helps the customer use our services better way.","header_size":"div","typography_typography":"custom","typography_font_family":"Raleway","typography_font_size":{"unit":"px","size":18,"sizes":[]},"typography_font_weight":"500","typography_line_height":{"unit":"px","size":32,"sizes":[]},"title_color":"#FFFFFF","_margin":{"unit":"px","top":"0","right":"0","bottom":"0","left":"0","isLinked":false},"_element_width":"initial","_element_custom_width":{"unit":"%","size":82,"sizes":[]}},"elements":[],"isInner":false,"widgetType":"heading","elType":"widget"}],"isInner":true,"elType":"container"},{"id":"4a0c3afc","settings":{"content_width":"full","flex_direction":"row","padding":{"unit":"px","top":"0","right":"0","bottom":"0","left":"0","isLinked":false}},"elements":[{"id":"2640440b","settings":{"text":"Get Started","typography_typography":"custom","typography_font_family":"Raleway","typography_font_size":{"unit":"px","size":16,"sizes":[]},"typography_font_weight":"700","typography_line_height":{"unit":"px","size":19,"sizes":[]},"text_padding":{"unit":"px","top":"20","right":"30","bottom":"20","left":"30","isLinked":false},"__globals__":{"background_color":"globals\/colors?id=2a1a751","button_text_color":"globals\/colors?id=primary"},"_flex_align_self":"flex-start","_element_width":"auto"},"elements":[],"isInner":false,"widgetType":"button","elType":"widget"},{"id":"7e1d4d78","settings":{"icon_list":[{"text":"No credit card required, really.","selected_icon":{"value":{"url":"http:\/\/pastilaris.local\/wp-content\/uploads\/2025\/01\/icon-growYourSaaS.svg","id":274},"library":"svg"},"_id":"64256ef"}],"icon_size":{"unit":"px","size":24,"sizes":[]},"_padding":{"unit":"px","top":"0","right":"0","bottom":"0","left":"0","isLinked":false},"icon_typography_typography":"custom","icon_typography_font_family":"Raleway","icon_typography_font_size":{"unit":"px","size":14,"sizes":[]},"icon_typography_font_weight":"700","icon_typography_line_height":{"unit":"px","size":16,"sizes":[]},"_flex_align_self":"center","text_color":"#FFFFFF"},"elements":[],"isInner":false,"widgetType":"icon-list","elType":"widget"}],"isInner":true,"elType":"container"}],"isInner":true,"elType":"container"}],"isInner":false,"elType":"container"}],"settings":{"template":"default","hide_title":"yes"},"metadata":[]}