{"content":[{"id":"71a27c38","settings":{"flex_direction":"column","background_background":"classic","background_color":"#EDF3F100","flex_gap":{"column":"24","row":"24","isLinked":true,"unit":"px","size":24},"sticky":"top"},"elements":[{"id":"1d1283c7","settings":{"content_width":"full","flex_direction":"row","background_background":"classic","background_color":"#0B251C","border_radius":{"unit":"px","top":"100","right":"100","bottom":"100","left":"100","isLinked":true},"padding":{"unit":"px","top":"18","right":"30","bottom":"18","left":"30","isLinked":false},"flex_gap":{"column":"24","row":"24","isLinked":true,"unit":"px","size":24},"flex_direction_tablet":"row"},"elements":[{"id":"4997e04b","settings":{"content_width":"full","flex_direction":"row","flex_align_items":"center","background_background":"classic","background_color":"#0B251C","border_radius":{"unit":"px","top":"100","right":"100","bottom":"100","left":"100","isLinked":true},"padding":{"unit":"px","top":"0","right":"0","bottom":"0","left":"0","isLinked":false},"flex_gap":{"column":"30","row":"30","isLinked":true,"unit":"px","size":30},"width_tablet":{"unit":"%","size":100,"sizes":[]},"width_mobile":{"unit":"%","size":"","sizes":[]},"min_height_tablet":{"unit":"px","size":0,"sizes":[]},"flex_direction_tablet":"row","flex_justify_content_tablet":"space-between","_flex_align_self_tablet":"center"},"elements":[{"id":"273de7d8","settings":{"__dynamic__":{"image":"[elementor-tag id=\"\" name=\"site-logo\" settings=\"%7B%7D\"]"}},"elements":[],"isInner":false,"widgetType":"theme-site-logo","elType":"widget"},{"id":"5c33d2e5","settings":{"_element_width":"initial","_element_custom_width":{"unit":"px","size":1,"sizes":[]},"_background_background":"classic","_background_color":"#6C8079","hide_tablet":"hidden-tablet","hide_mobile":"hidden-mobile"},"elements":[],"isInner":false,"widgetType":"spacer","elType":"widget"},{"id":"6656e5d6","settings":{"menu_name":"Menu","menu_typography_typography":"custom","menu_typography_font_family":"Raleway","menu_typography_font_size":{"unit":"px","size":16,"sizes":[]},"menu_typography_font_weight":"600","color_menu_item":"#FFFFFF","pointer_width":{"unit":"px","size":1,"sizes":[]},"padding_horizontal_menu_item":{"unit":"px","size":0,"sizes":[]},"padding_vertical_menu_item":{"unit":"px","size":0,"sizes":[]},"menu_space_between":{"unit":"px","size":40,"sizes":[]},"__globals__":{"menu_typography_typography":"","color_menu_item_active":"globals\/colors?id=2a1a751","color_menu_item_hover":"globals\/colors?id=2a1a751","color_dropdown_item":"globals\/colors?id=primary","dropdown_typography_typography":"","background_color_dropdown_item_hover":"globals\/colors?id=primary","background_color_dropdown_item_active":"globals\/colors?id=primary"},"full_width":"stretch","color_menu_item_hover":"#B7EB38","color_menu_item_active":"#B7EB38","nav_menu_divider_weight":{"unit":"px","size":2,"sizes":[]},"color_dropdown_item":"#0B251C","background_color_dropdown_item":"#FFFFFF","color_dropdown_item_hover":"#FFFFFF","color_dropdown_item_active":"#FFFFFF","dropdown_typography_typography":"custom","dropdown_typography_font_family":"Raleway","dropdown_typography_font_size":{"unit":"px","size":18,"sizes":[]},"dropdown_typography_font_weight":"600","dropdown_border_radius_tablet":{"unit":"px","top":"10","right":"10","bottom":"10","left":"10","isLinked":true},"padding_horizontal_dropdown_item_mobile":{"unit":"vw","size":"","sizes":[]},"dropdown_top_distance_tablet":{"unit":"px","size":32,"sizes":[]},"toggle_color":"#FFFFFF","toggle_background_color":"#02010100","_element_custom_width_tablet":{"unit":"px","size":260,"sizes":[]},"dropdown_typography_line_height":{"unit":"px","size":32,"sizes":[]}},"elements":[],"isInner":false,"widgetType":"nav-menu","elType":"widget"}],"isInner":true,"elType":"container"},{"id":"328978ba","settings":{"content_width":"full","width":{"unit":"%","size":55,"sizes":[]},"boxed_width":{"unit":"px","size":1122,"sizes":[]},"flex_direction":"row","flex_justify_content":"flex-end","flex_align_items":"center","background_background":"classic","background_color":"#0B251C","border_radius":{"unit":"px","top":"100","right":"100","bottom":"100","left":"100","isLinked":true},"margin":{"unit":"px","top":"0","right":"0","bottom":"0","left":"0","isLinked":true},"padding":{"unit":"px","top":"0","right":"0","bottom":"0","left":"0","isLinked":true},"hide_tablet":"hidden-tablet","hide_mobile":"hidden-mobile"},"elements":[{"id":"76effb4","settings":{"text":"Call Sales","typography_typography":"custom","typography_font_family":"Raleway","typography_font_size":{"unit":"px","size":16,"sizes":[]},"typography_font_weight":"600","button_text_color":"#0B251C","background_color":"#FFFFFF","border_radius":{"unit":"px","top":"100","right":"100","bottom":"100","left":"100","isLinked":true},"__globals__":{"button_text_color":"globals\/colors?id=primary","typography_typography":""},"text_padding":{"unit":"px","top":"12","right":"20","bottom":"12","left":"20","isLinked":false},"text_padding_tablet":{"unit":"px","top":"0","right":"0","bottom":"0","left":"0","isLinked":false}},"elements":[],"isInner":false,"widgetType":"button","elType":"widget"},{"id":"2ff88004","settings":{"text":"My Account","typography_typography":"custom","typography_font_family":"Raleway","typography_font_size":{"unit":"px","size":16,"sizes":[]},"typography_font_weight":"600","button_text_color":"#FFFFFF","background_color":"#FFFFFF00","border_border":"solid","border_color":"#FFFFFF","border_radius":{"unit":"px","top":"100","right":"100","bottom":"100","left":"100","isLinked":true},"__globals__":{"button_text_color":"","typography_typography":""},"border_width":{"unit":"px","top":"1","right":"1","bottom":"1","left":"1","isLinked":true},"text_padding":{"unit":"px","top":"12","right":"20","bottom":"12","left":"20","isLinked":false},"text_padding_tablet":{"unit":"px","top":"0","right":"0","bottom":"0","left":"0","isLinked":false}},"elements":[],"isInner":false,"widgetType":"button","elType":"widget"}],"isInner":true,"elType":"container"}],"isInner":true,"elType":"container"}],"isInner":false,"elType":"container"}],"settings":[],"metadata":[]}