{"content":[{"id":"4cf575af","settings":{"flex_direction":"row","background_background":"classic","background_color":"#FFFFFF","flex_gap":{"column":"156","row":"156","isLinked":true,"unit":"px","size":156},"padding":{"unit":"px","top":"100","right":"0","bottom":"100","left":"0","isLinked":false},"flex_align_items":"flex-start"},"elements":[{"id":"51db61c7","settings":{"content_width":"full","width":{"unit":"%","size":31,"sizes":[]},"flex_direction":"row","flex_gap":{"column":"020","row":"020","isLinked":true,"unit":"px","size":20},"flex_wrap":"wrap","padding":{"unit":"px","top":"0","right":"0","bottom":"0","left":"0","isLinked":false}},"elements":[{"id":"130c5811","settings":{"image":{"url":"http:\/\/pastilaris.local\/wp-content\/uploads\/2025\/01\/logo-black.png","id":82,"size":"","alt":"","source":"library"},"align":"left","_padding":{"unit":"px","top":"0","right":"0","bottom":"0","left":"0","isLinked":true},"_element_width":"inherit","_flex_align_self":"flex-start"},"elements":[],"isInner":false,"widgetType":"image","elType":"widget"},{"id":"74bf6a95","settings":{"editor":"<p>SaaS template by BuildWithAngga<br \/>to help big companies grow.<\/p>","_padding":{"unit":"px","top":"0","right":"0","bottom":"0","left":"0","isLinked":false},"__globals__":{"text_color":"globals\/colors?id=primary"},"_margin":{"unit":"px","top":"0","right":"0","bottom":"-12","left":"0","isLinked":false},"_element_width":"inherit","_element_custom_width":{"unit":"%","size":27,"sizes":[]},"_flex_align_self":"center"},"elements":[],"isInner":false,"widgetType":"text-editor","elType":"widget"},{"id":"2663d208","settings":{"title":"Copyrights Pastilaris.","header_size":"div","typography_typography":"custom","typography_font_family":"Raleway","typography_font_size":{"unit":"px","size":16,"sizes":[]},"typography_font_weight":"500","typography_line_height":{"unit":"px","size":28,"sizes":[]},"_flex_align_self":"center","__globals__":{"title_color":"globals\/colors?id=primary"}},"elements":[],"isInner":false,"widgetType":"heading","elType":"widget"}],"isInner":true,"elType":"container"},{"id":"748e3fd0","settings":{"content_width":"full","flex_direction":"row","padding":{"unit":"px","top":"0","right":"0","bottom":"0","left":"0","isLinked":false}},"elements":[{"id":"316025c4","settings":{"content_width":"full","flex_gap":{"column":"20","row":"20","isLinked":true,"unit":"px","size":20},"padding":{"unit":"px","top":"0","right":"0","bottom":"0","left":"0","isLinked":false}},"elements":[{"id":"42ac449c","settings":{"title":"Product","header_size":"h3","typography_typography":"custom","typography_font_family":"Poppins","typography_font_size":{"unit":"px","size":16,"sizes":[]},"typography_font_weight":"600","typography_line_height":{"unit":"px","size":24,"sizes":[]}},"elements":[],"isInner":false,"widgetType":"heading","elType":"widget"},{"id":"62cba546","settings":{"content_width":"full","flex_gap":{"column":"0","row":"10","isLinked":false,"unit":"px","size":0},"padding":{"unit":"px","top":"0","right":"0","bottom":"0","left":"0","isLinked":false}},"elements":[{"id":"10024cab","settings":{"title":"SaaS Web Builder","header_size":"div","typography_typography":"custom","typography_font_family":"Raleway","typography_font_size":{"unit":"px","size":16,"sizes":[]},"typography_font_weight":"500","typography_line_height":{"unit":"px","size":28,"sizes":[]}},"elements":[],"isInner":false,"widgetType":"heading","elType":"widget"},{"id":"77463ed","settings":{"title":"Copywriting Templates","header_size":"div","typography_typography":"custom","typography_font_family":"Raleway","typography_font_size":{"unit":"px","size":16,"sizes":[]},"typography_font_weight":"500","typography_line_height":{"unit":"px","size":28,"sizes":[]}},"elements":[],"isInner":false,"widgetType":"heading","elType":"widget"},{"id":"3f4118cd","settings":{"title":"Automation Tools","header_size":"div","typography_typography":"custom","typography_font_family":"Raleway","typography_font_size":{"unit":"px","size":16,"sizes":[]},"typography_font_weight":"500","typography_line_height":{"unit":"px","size":28,"sizes":[]}},"elements":[],"isInner":false,"widgetType":"heading","elType":"widget"},{"id":"7ef1089f","settings":{"title":"Users Tracking Behavior","header_size":"div","typography_typography":"custom","typography_font_family":"Raleway","typography_font_size":{"unit":"px","size":16,"sizes":[]},"typography_font_weight":"500","typography_line_height":{"unit":"px","size":28,"sizes":[]}},"elements":[],"isInner":false,"widgetType":"heading","elType":"widget"}],"isInner":true,"elType":"container"}],"isInner":true,"elType":"container"},{"id":"54cea651","settings":{"content_width":"full","flex_gap":{"column":"20","row":"20","isLinked":true,"unit":"px","size":20},"padding":{"unit":"px","top":"0","right":"0","bottom":"0","left":"0","isLinked":false}},"elements":[{"id":"46d7acb8","settings":{"title":"Company","header_size":"h3","typography_typography":"custom","typography_font_family":"Poppins","typography_font_size":{"unit":"px","size":16,"sizes":[]},"typography_font_weight":"600","typography_line_height":{"unit":"px","size":24,"sizes":[]}},"elements":[],"isInner":false,"widgetType":"heading","elType":"widget"},{"id":"6682b119","settings":{"content_width":"full","flex_gap":{"column":"0","row":"10","isLinked":false,"unit":"px","size":0},"padding":{"unit":"px","top":"0","right":"0","bottom":"0","left":"0","isLinked":false}},"elements":[{"id":"5eab458","settings":{"title":"Privacy Policy","header_size":"div","typography_typography":"custom","typography_font_family":"Raleway","typography_font_size":{"unit":"px","size":16,"sizes":[]},"typography_font_weight":"500","typography_line_height":{"unit":"px","size":28,"sizes":[]}},"elements":[],"isInner":false,"widgetType":"heading","elType":"widget"},{"id":"1b85fab6","settings":{"title":"Help Center","header_size":"div","typography_typography":"custom","typography_font_family":"Raleway","typography_font_size":{"unit":"px","size":16,"sizes":[]},"typography_font_weight":"500","typography_line_height":{"unit":"px","size":28,"sizes":[]}},"elements":[],"isInner":false,"widgetType":"heading","elType":"widget"},{"id":"78fb48d1","settings":{"title":"Terms Conditions","header_size":"div","typography_typography":"custom","typography_font_family":"Raleway","typography_font_size":{"unit":"px","size":16,"sizes":[]},"typography_font_weight":"500","typography_line_height":{"unit":"px","size":28,"sizes":[]}},"elements":[],"isInner":false,"widgetType":"heading","elType":"widget"},{"id":"10704efc","settings":{"title":"About Us","header_size":"div","typography_typography":"custom","typography_font_family":"Raleway","typography_font_size":{"unit":"px","size":16,"sizes":[]},"typography_font_weight":"500","typography_line_height":{"unit":"px","size":28,"sizes":[]}},"elements":[],"isInner":false,"widgetType":"heading","elType":"widget"}],"isInner":true,"elType":"container"}],"isInner":true,"elType":"container"},{"id":"7aee609b","settings":{"content_width":"full","flex_gap":{"column":"20","row":"20","isLinked":true,"unit":"px","size":20},"padding":{"unit":"px","top":"0","right":"0","bottom":"0","left":"0","isLinked":false}},"elements":[{"id":"5601c09a","settings":{"title":"Developer","header_size":"h3","typography_typography":"custom","typography_font_family":"Poppins","typography_font_size":{"unit":"px","size":16,"sizes":[]},"typography_font_weight":"600","typography_line_height":{"unit":"px","size":24,"sizes":[]}},"elements":[],"isInner":false,"widgetType":"heading","elType":"widget"},{"id":"6d18d729","settings":{"content_width":"full","flex_gap":{"column":"0","row":"10","isLinked":false,"unit":"px","size":0},"padding":{"unit":"px","top":"0","right":"0","bottom":"0","left":"0","isLinked":false}},"elements":[{"id":"3cdcbf13","settings":{"title":"API Documentations","header_size":"div","typography_typography":"custom","typography_font_family":"Raleway","typography_font_size":{"unit":"px","size":16,"sizes":[]},"typography_font_weight":"500","typography_line_height":{"unit":"px","size":28,"sizes":[]}},"elements":[],"isInner":false,"widgetType":"heading","elType":"widget"},{"id":"23af3eda","settings":{"title":"Product Knowledges","header_size":"div","typography_typography":"custom","typography_font_family":"Raleway","typography_font_size":{"unit":"px","size":16,"sizes":[]},"typography_font_weight":"500","typography_line_height":{"unit":"px","size":28,"sizes":[]}},"elements":[],"isInner":false,"widgetType":"heading","elType":"widget"},{"id":"23ea86f4","settings":{"title":"Ticketing Support","header_size":"div","typography_typography":"custom","typography_font_family":"Raleway","typography_font_size":{"unit":"px","size":16,"sizes":[]},"typography_font_weight":"500","typography_line_height":{"unit":"px","size":28,"sizes":[]}},"elements":[],"isInner":false,"widgetType":"heading","elType":"widget"},{"id":"374f7585","settings":{"title":"Pricing","header_size":"div","typography_typography":"custom","typography_font_family":"Raleway","typography_font_size":{"unit":"px","size":16,"sizes":[]},"typography_font_weight":"500","typography_line_height":{"unit":"px","size":28,"sizes":[]}},"elements":[],"isInner":false,"widgetType":"heading","elType":"widget"}],"isInner":true,"elType":"container"}],"isInner":true,"elType":"container"}],"isInner":true,"elType":"container"}],"isInner":false,"elType":"container"}],"settings":[],"metadata":[]}