{"content":[],"settings":{"template":"default","system_colors":[{"_id":"primary","title":"Primary","color":"#0B251C"},{"_id":"secondary","title":"Secondary","color":"#54595F"},{"_id":"text","title":"Text","color":"#7A7A7A"},{"_id":"accent","title":"Accent","color":"#61CE70"}],"custom_colors":[{"_id":"2a1a751","title":"Active","color":"#B7EB38"}],"system_typography":[{"_id":"primary","title":"Primary","typography_typography":"custom","typography_font_family":"Raleway","typography_font_weight":"800","typography_font_size":{"unit":"px","size":60,"sizes":[]},"typography_text_transform":"capitalize","typography_line_height":{"unit":"px","size":70,"sizes":[]}},{"_id":"secondary","title":"Secondary","typography_typography":"custom","typography_font_family":"Raleway","typography_font_weight":"600","typography_font_size":{"unit":"px","size":16,"sizes":[]}},{"_id":"text","title":"Text","typography_typography":"custom","typography_font_family":"Roboto","typography_font_weight":"400"},{"_id":"accent","title":"Accent","typography_typography":"custom","typography_font_family":"Raleway","typography_font_weight":"500","typography_font_size":{"unit":"px","size":18,"sizes":[]},"typography_line_height":{"unit":"px","size":32,"sizes":[]}}],"custom_typography":[],"default_generic_fonts":"Sans-serif","container_width":{"unit":"px","size":1190,"sizes":[]},"container_padding":{"unit":"px","top":"30","right":"30","bottom":"30","left":"30","isLinked":true},"page_title_selector":"h1.entry-title","hello_footer_copyright_text":"All rights reserved","viewport_md":768,"viewport_lg":1025,"space_between_widgets":{"column":"24","row":"24","isLinked":true,"unit":"px","size":24},"typography_enable_styleguide_preview":"yes","activeItemIndex":1,"colors_enable_styleguide_preview":"yes","__globals__":{"button_typography_typography":"globals\/typography?id=secondary","button_text_color":"globals\/colors?id=primary","button_background_color":"globals\/colors?id=2a1a751","h1_typography_typography":"globals\/typography?id=primary","h1_color":"globals\/colors?id=primary"},"button_border_radius":{"unit":"px","top":"100","right":"100","bottom":"100","left":"100","isLinked":true},"body_background_background":"classic","body_background_color":"#EDF3F1","mobile_browser_background":"#EDF3F1"},"metadata":[]}